Day of outbreak,Acceptance rate
0,1.0
1,1.0
2,1.0
3,1.0
4,0.897875
5,0.854375
6,0.85175
7,0.83925
8,0.837875
9,0.83225
10,0.830625
11,0.834
12,0.83475
13,0.834875
