Day of outbreak,Acceptance rate
0,1.0
1,1.0
2,1.0
3,1.0
4,0.899625
5,0.860125
6,0.845625
7,0.83825
8,0.833
9,0.839125
10,0.836375
11,0.836
12,0.835375
13,0.833875
