Day of outbreak,Acceptance rate
0,1.0
1,1.0
2,0.764375
3,0.683875
4,0.593
5,0.572
6,0.567875
7,0.553
8,0.561125
9,0.560125
10,0.565625
11,0.555375
12,0.564125
13,0.564625
14,0.555125
