Day of outbreak,Acceptance rate
0,1.0
1,1.0
2,0.759
3,0.691625
4,0.599
5,0.56875
6,0.569125
7,0.565875
8,0.56175
9,0.561125
10,0.558
11,0.564
12,0.566
13,0.55675
14,0.56575
